﻿<?xml version="1.0"?>
<doc>
<assembly>
<name>
MoscheBarton
</name>
</assembly>
<members>
<member name="T:MoscheBarton.My.Resources.Menu">
<summary>
  用於查詢當地語系化字串等的強類型資源類別。
</summary>
</member>
<member name="P:MoscheBarton.My.Resources.Menu.ResourceManager">
<summary>
  傳回這個類別使用的快取的 ResourceManager 執行個體。
</summary>
</member>
<member name="P:MoscheBarton.My.Resources.Menu.Culture">
<summary>
  覆寫目前執行緒的 CurrentUICulture 屬性，對象是所有
  使用這個強類型資源類別的資源查閱。
</summary>
</member>
<member name="P:MoscheBarton.My.Resources.Menu._Exit">
<summary>
  查詢類型 System.Drawing.Bitmap 的當地語系化資源。
</summary>
</member>
<member name="P:MoscheBarton.My.Resources.Menu.Caption">
<summary>
  查詢類型 System.Drawing.Bitmap 的當地語系化資源。
</summary>
</member>
<member name="P:MoscheBarton.My.Resources.Menu.Exit_Pressed">
<summary>
  查詢類型 System.Drawing.Bitmap 的當地語系化資源。
</summary>
</member>
<member name="P:MoscheBarton.My.Resources.Menu.HowToPlay">
<summary>
  查詢類型 System.Drawing.Bitmap 的當地語系化資源。
</summary>
</member>
<member name="P:MoscheBarton.My.Resources.Menu.HowToPlay_Pressed">
<summary>
  查詢類型 System.Drawing.Bitmap 的當地語系化資源。
</summary>
</member>
<member name="P:MoscheBarton.My.Resources.Menu.Setting">
<summary>
  查詢類型 System.Drawing.Bitmap 的當地語系化資源。
</summary>
</member>
<member name="P:MoscheBarton.My.Resources.Menu.Setting_Pressed">
<summary>
  查詢類型 System.Drawing.Bitmap 的當地語系化資源。
</summary>
</member>
<member name="P:MoscheBarton.My.Resources.Menu.Start">
<summary>
  查詢類型 System.Drawing.Bitmap 的當地語系化資源。
</summary>
</member>
<member name="P:MoscheBarton.My.Resources.Menu.Start_Pressed">
<summary>
  查詢類型 System.Drawing.Bitmap 的當地語系化資源。
</summary>
</member>
<member name="T:MoscheBarton.My.Resources.Resources">
<summary>
  A strongly-typed resource class, for looking up localized strings, etc.
</summary>
</member>
<member name="P:MoscheBarton.My.Resources.Resources.ResourceManager">
<summary>
  Returns the cached ResourceManager instance used by this class.
</summary>
</member>
<member name="P:MoscheBarton.My.Resources.Resources.Culture">
<summary>
  Overrides the current thread's CurrentUICulture property for all
  resource lookups using this strongly typed resource class.
</summary>
</member>
<member name="T:MoscheBarton.My.Resources.Fonts">
<summary>
  用於查詢當地語系化字串等的強類型資源類別。
</summary>
</member>
<member name="P:MoscheBarton.My.Resources.Fonts.ResourceManager">
<summary>
  傳回這個類別使用的快取的 ResourceManager 執行個體。
</summary>
</member>
<member name="P:MoscheBarton.My.Resources.Fonts.Culture">
<summary>
  覆寫目前執行緒的 CurrentUICulture 屬性，對象是所有
  使用這個強類型資源類別的資源查閱。
</summary>
</member>
<member name="P:MoscheBarton.My.Resources.Fonts.Cubic11">
<summary>
  查詢類型 System.Byte[] 的當地語系化資源。
</summary>
</member>
<member name="P:MoscheBarton.My.Resources.Fonts.Monoton">
<summary>
  查詢類型 System.Byte[] 的當地語系化資源。
</summary>
</member>
<member name="T:MoscheBarton.My.Resources.HowToPlay">
<summary>
  用於查詢當地語系化字串等的強類型資源類別。
</summary>
</member>
<member name="P:MoscheBarton.My.Resources.HowToPlay.ResourceManager">
<summary>
  傳回這個類別使用的快取的 ResourceManager 執行個體。
</summary>
</member>
<member name="P:MoscheBarton.My.Resources.HowToPlay.Culture">
<summary>
  覆寫目前執行緒的 CurrentUICulture 屬性，對象是所有
  使用這個強類型資源類別的資源查閱。
</summary>
</member>
<member name="P:MoscheBarton.My.Resources.HowToPlay.HowToPlay1">
<summary>
  查詢類型 System.Drawing.Bitmap 的當地語系化資源。
</summary>
</member>
<member name="P:MoscheBarton.My.Resources.HowToPlay.HowToPlay2">
<summary>
  查詢類型 System.Drawing.Bitmap 的當地語系化資源。
</summary>
</member>
<member name="P:MoscheBarton.My.Resources.HowToPlay.NextPage">
<summary>
  查詢類型 System.Drawing.Bitmap 的當地語系化資源。
</summary>
</member>
<member name="P:MoscheBarton.My.Resources.HowToPlay.NextPage_Pressed">
<summary>
  查詢類型 System.Drawing.Bitmap 的當地語系化資源。
</summary>
</member>
<member name="T:MoscheBarton.My.Resources.Game">
<summary>
  用於查詢當地語系化字串等的強類型資源類別。
</summary>
</member>
<member name="P:MoscheBarton.My.Resources.Game.ResourceManager">
<summary>
  傳回這個類別使用的快取的 ResourceManager 執行個體。
</summary>
</member>
<member name="P:MoscheBarton.My.Resources.Game.Culture">
<summary>
  覆寫目前執行緒的 CurrentUICulture 屬性，對象是所有
  使用這個強類型資源類別的資源查閱。
</summary>
</member>
<member name="P:MoscheBarton.My.Resources.Game._Continue">
<summary>
  查詢類型 System.Drawing.Bitmap 的當地語系化資源。
</summary>
</member>
<member name="P:MoscheBarton.My.Resources.Game.AbilityL">
<summary>
  查詢類型 System.Drawing.Bitmap 的當地語系化資源。
</summary>
</member>
<member name="P:MoscheBarton.My.Resources.Game.AbilityR">
<summary>
  查詢類型 System.Drawing.Bitmap 的當地語系化資源。
</summary>
</member>
<member name="P:MoscheBarton.My.Resources.Game.AbyssClose">
<summary>
  查詢類型 System.Drawing.Bitmap 的當地語系化資源。
</summary>
</member>
<member name="P:MoscheBarton.My.Resources.Game.AbyssOpen">
<summary>
  查詢類型 System.Drawing.Bitmap 的當地語系化資源。
</summary>
</member>
<member name="P:MoscheBarton.My.Resources.Game.Boss">
<summary>
  查詢類型 System.Drawing.Bitmap 的當地語系化資源。
</summary>
</member>
<member name="P:MoscheBarton.My.Resources.Game.BossLaser">
<summary>
  查詢類型 System.Drawing.Bitmap 的當地語系化資源。
</summary>
</member>
<member name="P:MoscheBarton.My.Resources.Game.BossMusicCore">
<summary>
  查詢類型 System.Drawing.Bitmap 的當地語系化資源。
</summary>
</member>
<member name="P:MoscheBarton.My.Resources.Game.BulletL">
<summary>
  查詢類型 System.Drawing.Bitmap 的當地語系化資源。
</summary>
</member>
<member name="P:MoscheBarton.My.Resources.Game.BulletR">
<summary>
  查詢類型 System.Drawing.Bitmap 的當地語系化資源。
</summary>
</member>
<member name="P:MoscheBarton.My.Resources.Game.CLAN">
<summary>
  查詢類型 System.Drawing.Bitmap 的當地語系化資源。
</summary>
</member>
<member name="P:MoscheBarton.My.Resources.Game.CLAW0">
<summary>
  查詢類型 System.Drawing.Bitmap 的當地語系化資源。
</summary>
</member>
<member name="P:MoscheBarton.My.Resources.Game.CLAW1">
<summary>
  查詢類型 System.Drawing.Bitmap 的當地語系化資源。
</summary>
</member>
<member name="P:MoscheBarton.My.Resources.Game.CLAW2">
<summary>
  查詢類型 System.Drawing.Bitmap 的當地語系化資源。
</summary>
</member>
<member name="P:MoscheBarton.My.Resources.Game.CLNN">
<summary>
  查詢類型 System.Drawing.Bitmap 的當地語系化資源。
</summary>
</member>
<member name="P:MoscheBarton.My.Resources.Game.CLNW0">
<summary>
  查詢類型 System.Drawing.Bitmap 的當地語系化資源。
</summary>
</member>
<member name="P:MoscheBarton.My.Resources.Game.CLNW1">
<summary>
  查詢類型 System.Drawing.Bitmap 的當地語系化資源。
</summary>
</member>
<member name="P:MoscheBarton.My.Resources.Game.CLNW2">
<summary>
  查詢類型 System.Drawing.Bitmap 的當地語系化資源。
</summary>
</member>
<member name="P:MoscheBarton.My.Resources.Game.Cobblestone">
<summary>
  查詢類型 System.Drawing.Bitmap 的當地語系化資源。
</summary>
</member>
<member name="P:MoscheBarton.My.Resources.Game.ContinueA">
<summary>
  查詢類型 System.Drawing.Bitmap 的當地語系化資源。
</summary>
</member>
<member name="P:MoscheBarton.My.Resources.Game.CRAN">
<summary>
  查詢類型 System.Drawing.Bitmap 的當地語系化資源。
</summary>
</member>
<member name="P:MoscheBarton.My.Resources.Game.CRAW0">
<summary>
  查詢類型 System.Drawing.Bitmap 的當地語系化資源。
</summary>
</member>
<member name="P:MoscheBarton.My.Resources.Game.CRAW1">
<summary>
  查詢類型 System.Drawing.Bitmap 的當地語系化資源。
</summary>
</member>
<member name="P:MoscheBarton.My.Resources.Game.CRAW2">
<summary>
  查詢類型 System.Drawing.Bitmap 的當地語系化資源。
</summary>
</member>
<member name="P:MoscheBarton.My.Resources.Game.CRNN">
<summary>
  查詢類型 System.Drawing.Bitmap 的當地語系化資源。
</summary>
</member>
<member name="P:MoscheBarton.My.Resources.Game.CRNW0">
<summary>
  查詢類型 System.Drawing.Bitmap 的當地語系化資源。
</summary>
</member>
<member name="P:MoscheBarton.My.Resources.Game.CRNW1">
<summary>
  查詢類型 System.Drawing.Bitmap 的當地語系化資源。
</summary>
</member>
<member name="P:MoscheBarton.My.Resources.Game.CRNW2">
<summary>
  查詢類型 System.Drawing.Bitmap 的當地語系化資源。
</summary>
</member>
<member name="P:MoscheBarton.My.Resources.Game.Day">
<summary>
  查詢類型 System.Drawing.Bitmap 的當地語系化資源。
</summary>
</member>
<member name="P:MoscheBarton.My.Resources.Game.Fence">
<summary>
  查詢類型 System.Drawing.Bitmap 的當地語系化資源。
</summary>
</member>
<member name="P:MoscheBarton.My.Resources.Game.Log">
<summary>
  查詢類型 System.Drawing.Bitmap 的當地語系化資源。
</summary>
</member>
<member name="P:MoscheBarton.My.Resources.Game.NextLevel">
<summary>
  查詢類型 System.Drawing.Bitmap 的當地語系化資源。
</summary>
</member>
<member name="P:MoscheBarton.My.Resources.Game.PauseButton">
<summary>
  查詢類型 System.Drawing.Bitmap 的當地語系化資源。
</summary>
</member>
<member name="P:MoscheBarton.My.Resources.Game.PauseButtonA">
<summary>
  查詢類型 System.Drawing.Bitmap 的當地語系化資源。
</summary>
</member>
<member name="P:MoscheBarton.My.Resources.Game.Planks">
<summary>
  查詢類型 System.Drawing.Bitmap 的當地語系化資源。
</summary>
</member>
<member name="P:MoscheBarton.My.Resources.Game.RegenHealth">
<summary>
  查詢類型 System.Drawing.Bitmap 的當地語系化資源。
</summary>
</member>
<member name="P:MoscheBarton.My.Resources.Game.SlimeL">
<summary>
  查詢類型 System.Drawing.Bitmap 的當地語系化資源。
</summary>
</member>
<member name="P:MoscheBarton.My.Resources.Game.SlimeR">
<summary>
  查詢類型 System.Drawing.Bitmap 的當地語系化資源。
</summary>
</member>
<member name="P:MoscheBarton.My.Resources.Game.Sunset">
<summary>
  查詢類型 System.Drawing.Bitmap 的當地語系化資源。
</summary>
</member>
<member name="P:MoscheBarton.My.Resources.Game.ToMenu">
<summary>
  查詢類型 System.Drawing.Bitmap 的當地語系化資源。
</summary>
</member>
<member name="P:MoscheBarton.My.Resources.Game.ToMenuA">
<summary>
  查詢類型 System.Drawing.Bitmap 的當地語系化資源。
</summary>
</member>
<member name="P:MoscheBarton.My.Resources.Game.XPBG">
<summary>
  查詢類型 System.Drawing.Bitmap 的當地語系化資源。
</summary>
</member>
<member name="T:MoscheBarton.My.Resources.Loading">
<summary>
  用於查詢當地語系化字串等的強類型資源類別。
</summary>
</member>
<member name="P:MoscheBarton.My.Resources.Loading.ResourceManager">
<summary>
  傳回這個類別使用的快取的 ResourceManager 執行個體。
</summary>
</member>
<member name="P:MoscheBarton.My.Resources.Loading.Culture">
<summary>
  覆寫目前執行緒的 CurrentUICulture 屬性，對象是所有
  使用這個強類型資源類別的資源查閱。
</summary>
</member>
<member name="P:MoscheBarton.My.Resources.Loading._0">
<summary>
  查詢類型 System.Drawing.Bitmap 的當地語系化資源。
</summary>
</member>
<member name="P:MoscheBarton.My.Resources.Loading._1">
<summary>
  查詢類型 System.Drawing.Bitmap 的當地語系化資源。
</summary>
</member>
<member name="P:MoscheBarton.My.Resources.Loading._10">
<summary>
  查詢類型 System.Drawing.Bitmap 的當地語系化資源。
</summary>
</member>
<member name="P:MoscheBarton.My.Resources.Loading._11">
<summary>
  查詢類型 System.Drawing.Bitmap 的當地語系化資源。
</summary>
</member>
<member name="P:MoscheBarton.My.Resources.Loading._12">
<summary>
  查詢類型 System.Drawing.Bitmap 的當地語系化資源。
</summary>
</member>
<member name="P:MoscheBarton.My.Resources.Loading._13">
<summary>
  查詢類型 System.Drawing.Bitmap 的當地語系化資源。
</summary>
</member>
<member name="P:MoscheBarton.My.Resources.Loading._14">
<summary>
  查詢類型 System.Drawing.Bitmap 的當地語系化資源。
</summary>
</member>
<member name="P:MoscheBarton.My.Resources.Loading._15">
<summary>
  查詢類型 System.Drawing.Bitmap 的當地語系化資源。
</summary>
</member>
<member name="P:MoscheBarton.My.Resources.Loading._16">
<summary>
  查詢類型 System.Drawing.Bitmap 的當地語系化資源。
</summary>
</member>
<member name="P:MoscheBarton.My.Resources.Loading._17">
<summary>
  查詢類型 System.Drawing.Bitmap 的當地語系化資源。
</summary>
</member>
<member name="P:MoscheBarton.My.Resources.Loading._18">
<summary>
  查詢類型 System.Drawing.Bitmap 的當地語系化資源。
</summary>
</member>
<member name="P:MoscheBarton.My.Resources.Loading._19">
<summary>
  查詢類型 System.Drawing.Bitmap 的當地語系化資源。
</summary>
</member>
<member name="P:MoscheBarton.My.Resources.Loading._2">
<summary>
  查詢類型 System.Drawing.Bitmap 的當地語系化資源。
</summary>
</member>
<member name="P:MoscheBarton.My.Resources.Loading._20">
<summary>
  查詢類型 System.Drawing.Bitmap 的當地語系化資源。
</summary>
</member>
<member name="P:MoscheBarton.My.Resources.Loading._21">
<summary>
  查詢類型 System.Drawing.Bitmap 的當地語系化資源。
</summary>
</member>
<member name="P:MoscheBarton.My.Resources.Loading._22">
<summary>
  查詢類型 System.Drawing.Bitmap 的當地語系化資源。
</summary>
</member>
<member name="P:MoscheBarton.My.Resources.Loading._23">
<summary>
  查詢類型 System.Drawing.Bitmap 的當地語系化資源。
</summary>
</member>
<member name="P:MoscheBarton.My.Resources.Loading._24">
<summary>
  查詢類型 System.Drawing.Bitmap 的當地語系化資源。
</summary>
</member>
<member name="P:MoscheBarton.My.Resources.Loading._25">
<summary>
  查詢類型 System.Drawing.Bitmap 的當地語系化資源。
</summary>
</member>
<member name="P:MoscheBarton.My.Resources.Loading._26">
<summary>
  查詢類型 System.Drawing.Bitmap 的當地語系化資源。
</summary>
</member>
<member name="P:MoscheBarton.My.Resources.Loading._27">
<summary>
  查詢類型 System.Drawing.Bitmap 的當地語系化資源。
</summary>
</member>
<member name="P:MoscheBarton.My.Resources.Loading._28">
<summary>
  查詢類型 System.Drawing.Bitmap 的當地語系化資源。
</summary>
</member>
<member name="P:MoscheBarton.My.Resources.Loading._29">
<summary>
  查詢類型 System.Drawing.Bitmap 的當地語系化資源。
</summary>
</member>
<member name="P:MoscheBarton.My.Resources.Loading._3">
<summary>
  查詢類型 System.Drawing.Bitmap 的當地語系化資源。
</summary>
</member>
<member name="P:MoscheBarton.My.Resources.Loading._4">
<summary>
  查詢類型 System.Drawing.Bitmap 的當地語系化資源。
</summary>
</member>
<member name="P:MoscheBarton.My.Resources.Loading._5">
<summary>
  查詢類型 System.Drawing.Bitmap 的當地語系化資源。
</summary>
</member>
<member name="P:MoscheBarton.My.Resources.Loading._6">
<summary>
  查詢類型 System.Drawing.Bitmap 的當地語系化資源。
</summary>
</member>
<member name="P:MoscheBarton.My.Resources.Loading._7">
<summary>
  查詢類型 System.Drawing.Bitmap 的當地語系化資源。
</summary>
</member>
<member name="P:MoscheBarton.My.Resources.Loading._8">
<summary>
  查詢類型 System.Drawing.Bitmap 的當地語系化資源。
</summary>
</member>
<member name="P:MoscheBarton.My.Resources.Loading._9">
<summary>
  查詢類型 System.Drawing.Bitmap 的當地語系化資源。
</summary>
</member>
<member name="T:MoscheBarton.My.Resources.Intro">
<summary>
  用於查詢當地語系化字串等的強類型資源類別。
</summary>
</member>
<member name="P:MoscheBarton.My.Resources.Intro.ResourceManager">
<summary>
  傳回這個類別使用的快取的 ResourceManager 執行個體。
</summary>
</member>
<member name="P:MoscheBarton.My.Resources.Intro.Culture">
<summary>
  覆寫目前執行緒的 CurrentUICulture 屬性，對象是所有
  使用這個強類型資源類別的資源查閱。
</summary>
</member>
<member name="P:MoscheBarton.My.Resources.Intro.Skip">
<summary>
  查詢類型 System.Drawing.Bitmap 的當地語系化資源。
</summary>
</member>
<member name="P:MoscheBarton.My.Resources.Intro.SkipActivated">
<summary>
  查詢類型 System.Drawing.Bitmap 的當地語系化資源。
</summary>
</member>
<member name="T:MoscheBarton.My.Resources.DiedMenu">
<summary>
  用於查詢當地語系化字串等的強類型資源類別。
</summary>
</member>
<member name="P:MoscheBarton.My.Resources.DiedMenu.ResourceManager">
<summary>
  傳回這個類別使用的快取的 ResourceManager 執行個體。
</summary>
</member>
<member name="P:MoscheBarton.My.Resources.DiedMenu.Culture">
<summary>
  覆寫目前執行緒的 CurrentUICulture 屬性，對象是所有
  使用這個強類型資源類別的資源查閱。
</summary>
</member>
<member name="P:MoscheBarton.My.Resources.DiedMenu._End">
<summary>
  查詢類型 System.Drawing.Bitmap 的當地語系化資源。
</summary>
</member>
<member name="P:MoscheBarton.My.Resources.DiedMenu.EndActivated">
<summary>
  查詢類型 System.Drawing.Bitmap 的當地語系化資源。
</summary>
</member>
<member name="P:MoscheBarton.My.Resources.DiedMenu.Replay">
<summary>
  查詢類型 System.Drawing.Bitmap 的當地語系化資源。
</summary>
</member>
<member name="P:MoscheBarton.My.Resources.DiedMenu.ReplayActivated">
<summary>
  查詢類型 System.Drawing.Bitmap 的當地語系化資源。
</summary>
</member>
<member name="T:MoscheBarton.My.Resources.SelectLevel">
<summary>
  用於查詢當地語系化字串等的強類型資源類別。
</summary>
</member>
<member name="P:MoscheBarton.My.Resources.SelectLevel.ResourceManager">
<summary>
  傳回這個類別使用的快取的 ResourceManager 執行個體。
</summary>
</member>
<member name="P:MoscheBarton.My.Resources.SelectLevel.Culture">
<summary>
  覆寫目前執行緒的 CurrentUICulture 屬性，對象是所有
  使用這個強類型資源類別的資源查閱。
</summary>
</member>
<member name="P:MoscheBarton.My.Resources.SelectLevel._1_1">
<summary>
  查詢類型 System.Drawing.Bitmap 的當地語系化資源。
</summary>
</member>
<member name="P:MoscheBarton.My.Resources.SelectLevel._1_1A">
<summary>
  查詢類型 System.Drawing.Bitmap 的當地語系化資源。
</summary>
</member>
<member name="P:MoscheBarton.My.Resources.SelectLevel._1_1Preview">
<summary>
  查詢類型 System.Drawing.Bitmap 的當地語系化資源。
</summary>
</member>
<member name="P:MoscheBarton.My.Resources.SelectLevel._1_2">
<summary>
  查詢類型 System.Drawing.Bitmap 的當地語系化資源。
</summary>
</member>
<member name="P:MoscheBarton.My.Resources.SelectLevel._1_2A">
<summary>
  查詢類型 System.Drawing.Bitmap 的當地語系化資源。
</summary>
</member>
<member name="P:MoscheBarton.My.Resources.SelectLevel._1_2Preview">
<summary>
  查詢類型 System.Drawing.Bitmap 的當地語系化資源。
</summary>
</member>
<member name="P:MoscheBarton.My.Resources.SelectLevel._1_3">
<summary>
  查詢類型 System.Drawing.Bitmap 的當地語系化資源。
</summary>
</member>
<member name="P:MoscheBarton.My.Resources.SelectLevel._1_3A">
<summary>
  查詢類型 System.Drawing.Bitmap 的當地語系化資源。
</summary>
</member>
<member name="P:MoscheBarton.My.Resources.SelectLevel._1_3Preview">
<summary>
  查詢類型 System.Drawing.Bitmap 的當地語系化資源。
</summary>
</member>
<member name="P:MoscheBarton.My.Resources.SelectLevel._1_4">
<summary>
  查詢類型 System.Drawing.Bitmap 的當地語系化資源。
</summary>
</member>
<member name="P:MoscheBarton.My.Resources.SelectLevel._1_4A">
<summary>
  查詢類型 System.Drawing.Bitmap 的當地語系化資源。
</summary>
</member>
<member name="P:MoscheBarton.My.Resources.SelectLevel._1_4Preview">
<summary>
  查詢類型 System.Drawing.Bitmap 的當地語系化資源。
</summary>
</member>
<member name="P:MoscheBarton.My.Resources.SelectLevel.Done">
<summary>
  查詢類型 System.Drawing.Bitmap 的當地語系化資源。
</summary>
</member>
<member name="P:MoscheBarton.My.Resources.SelectLevel.DoneA">
<summary>
  查詢類型 System.Drawing.Bitmap 的當地語系化資源。
</summary>
</member>
<member name="T:MoscheBarton.My.Resources.Setting">
<summary>
  用於查詢當地語系化字串等的強類型資源類別。
</summary>
</member>
<member name="P:MoscheBarton.My.Resources.Setting.ResourceManager">
<summary>
  傳回這個類別使用的快取的 ResourceManager 執行個體。
</summary>
</member>
<member name="P:MoscheBarton.My.Resources.Setting.Culture">
<summary>
  覆寫目前執行緒的 CurrentUICulture 屬性，對象是所有
  使用這個強類型資源類別的資源查閱。
</summary>
</member>
<member name="P:MoscheBarton.My.Resources.Setting.DoneSetting">
<summary>
  查詢類型 System.Drawing.Bitmap 的當地語系化資源。
</summary>
</member>
<member name="P:MoscheBarton.My.Resources.Setting.DoneSetting_Activated">
<summary>
  查詢類型 System.Drawing.Bitmap 的當地語系化資源。
</summary>
</member>
</members>
</doc>
